{
  "fileSize": 267839924,
  "totalLength": 267839924,
  "numNodes": 335,
  "numMeshes": 212,
  "numMaterials": 73,
  "numCameras": 2,
  "numLights": 1,
  "cameras": [
    {
      "name": "Camera",
      "perspective": {
        "aspectRatio": 1.7777777777777777,
        "yfov": 1.2467066490894467,
        "zfar": 100,
        "znear": 0.10000000149011612
      },
      "type": "perspective"
    },
    {
      "name": "Câmera",
      "perspective": {
        "aspectRatio": 1.7777777777777777,
        "yfov": 0.5913156291788728,
        "zfar": 1000,
        "znear": 0.10000000149011612
      },
      "type": "perspective"
    }
  ],
  "lights": [
    {
      "color": [
        1,
        0.949999988079071,
        0.8799999952316284
      ],
      "intensity": 81527.1195988234,
      "spot": {
        "innerConeAngle": 0.2094395020659814,
        "outerConeAngle": 0.3490658402442932
      },
      "type": "spot",
      "name": "Spot.002"
    }
  ],
  "cameraNodes": [
    {
      "nodeIndex": 0,
      "name": "Camera",
      "cameraIndex": 0,
      "camera": {
        "name": "Camera",
        "perspective": {
          "aspectRatio": 1.7777777777777777,
          "yfov": 1.2467066490894467,
          "zfar": 100,
          "znear": 0.10000000149011612
        },
        "type": "perspective"
      },
      "worldMatrix": [
        -0.987317289215123,
        0.004154591555446188,
        -0.1587054738822284,
        0,
        -0.0059722561288601955,
        0.9979780143670863,
        0.0632788678499039,
        0,
        0.15864747154589814,
        0.06342414625867442,
        -0.985296135676005,
        0,
        0.24346472322940826,
        3.109480619430542,
        -4.904460906982422,
        1
      ],
      "worldPosition": [
        0.24346472322940826,
        3.109480619430542,
        -4.904460906982422
      ]
    },
    {
      "nodeIndex": 334,
      "name": "Câmera",
      "cameraIndex": 1,
      "camera": {
        "name": "Câmera",
        "perspective": {
          "aspectRatio": 1.7777777777777777,
          "yfov": 0.5913156291788728,
          "zfar": 1000,
          "znear": 0.10000000149011612
        },
        "type": "perspective"
      },
      "worldMatrix": [
        0.7505851741248641,
        -0.0029023767752094365,
        0.6607673453472531,
        0,
        0.0979489153767461,
        0.9894315299425936,
        -0.10691706151977964,
        0,
        -0.6534737320234993,
        0.14497180510899366,
        0.7429369217729959,
        0,
        -5.6978678703308105,
        4.38136625289917,
        2.7194361686706543,
        1
      ],
      "worldPosition": [
        -5.6978678703308105,
        4.38136625289917,
        2.7194361686706543
      ]
    }
  ],
  "lightNodes": [
    {
      "nodeIndex": 330,
      "name": "Light_Top_KeyFocus",
      "lightIndex": 0,
      "light": {
        "color": [
          1,
          0.949999988079071,
          0.8799999952316284
        ],
        "intensity": 81527.1195988234,
        "spot": {
          "innerConeAngle": 0.2094395020659814,
          "outerConeAngle": 0.3490658402442932
        },
        "type": "spot",
        "name": "Spot.002"
      },
      "worldPosition": [
        -0.1675264686346054,
        6.474637031555176,
        -3.38808012008667
      ]
    }
  ],
  "emissiveMaterials": [
    {
      "name": "01.001",
      "emissiveFactor": [
        1,
        1,
        1
      ]
    },
    {
      "name": "NO.003_0",
      "emissiveFactor": [
        1,
        1,
        1
      ]
    },
    {
      "name": "NO.003_1",
      "emissiveFactor": [
        1,
        1,
        1
      ],
      "emissiveStrength": 3
    },
    {
      "name": "Material.041_0",
      "emissiveFactor": [
        1,
        1,
        1
      ]
    },
    {
      "name": "Material.080_0",
      "emissiveFactor": [
        1,
        1,
        1
      ]
    },
    {
      "name": "Material.094",
      "emissiveFactor": [
        1,
        1,
        1
      ]
    },
    {
      "name": "Material.041",
      "emissiveFactor": [
        1,
        1,
        1
      ]
    },
    {
      "name": "Material.022_11",
      "emissiveFactor": [
        1,
        1,
        1
      ]
    },
    {
      "name": "Material.022_7",
      "emissiveFactor": [
        1,
        1,
        1
      ]
    },
    {
      "name": "Materiais",
      "emissiveFactor": [
        1,
        1,
        1
      ],
      "emissiveStrength": 1.4999998807907104
    },
    {
      "name": "Materiais.001",
      "emissiveFactor": [
        0.6999999284744263,
        0.6999999284744263,
        0.6999999284744263
      ]
    },
    {
      "name": "NO.003",
      "emissiveFactor": [
        1,
        1,
        1
      ]
    }
  ],
  "suspiciousNodes": [
    {
      "nodeIndex": 330,
      "name": "Light_Top_KeyFocus",
      "worldPosition": [
        -0.1675264686346054,
        6.474637031555176,
        -3.38808012008667
      ]
    },
    {
      "nodeIndex": 331,
      "name": "Spotlight_Target_Top",
      "worldPosition": [
        0.12201009690761566,
        2.964024066925049,
        -3.4768786430358887
      ]
    },
    {
      "nodeIndex": 332,
      "name": "Light_Face_Fill",
      "worldPosition": [
        0.12201009690761566,
        2.8640241622924805,
        -4.672060966491699
      ]
    },
    {
      "nodeIndex": 333,
      "name": "Spotlight_Target_Face",
      "worldPosition": [
        0.12201009690761566,
        2.964024066925049,
        -3.4768786430358887
      ]
    }
  ],
  "animations": [
    {
      "index": 0,
      "name": "ArmatureAction",
      "channels": 126,
      "samplers": 126,
      "duration": 9.458333333333334,
      "targetPaths": [
        "translation",
        "rotation",
        "scale"
      ]
    },
    {
      "index": 1,
      "name": "Cube.022_02.003_0Action",
      "channels": 3,
      "samplers": 3,
      "duration": 8.958333333333334,
      "targetPaths": [
        "translation",
        "rotation",
        "scale"
      ]
    },
    {
      "index": 2,
      "name": "Cube.022_B1_0Action",
      "channels": 3,
      "samplers": 3,
      "duration": 8.958333333333334,
      "targetPaths": [
        "translation",
        "rotation",
        "scale"
      ]
    },
    {
      "index": 3,
      "name": "Cube.022_Material.030_0Action",
      "channels": 3,
      "samplers": 3,
      "duration": 8.958333333333334,
      "targetPaths": [
        "translation",
        "rotation",
        "scale"
      ]
    },
    {
      "index": 4,
      "name": "Cube.022_Material.036_0Action",
      "channels": 3,
      "samplers": 3,
      "duration": 8.958333333333334,
      "targetPaths": [
        "translation",
        "rotation",
        "scale"
      ]
    },
    {
      "index": 5,
      "name": "CâmeraAction",
      "channels": 3,
      "samplers": 3,
      "duration": 4.833333333333333,
      "targetPaths": [
        "translation",
        "rotation",
        "scale"
      ]
    }
  ],
  "numAnimations": 6,
  "extensionsUsed": [
    "KHR_materials_emissive_strength",
    "KHR_lights_punctual"
  ],
  "extensionsRequired": [
    "KHR_lights_punctual"
  ]
}